{
    "$schema": "https://schema.management.azure.com/schemas/2015-01-01/deploymentParameters.json#",
    "contentVersion": "1.0.0.0",
    "parameters": {
        "connections_sql_name": {
            "value": null
        },
        "connections_outlook_name": {
            "value": null
        },
        "connections_azureblob_1_name": {
            "value": null
        },
        "workflows_logicappproyectomaestria_name": {
            "value": null
        },
        "storageAccounts_datalakeproyectomaestria_name": {
            "value": null
        },
        "systemTopics_datalakeproyectomaestria_bccc4e5c_87b9_4efe_93d3_fe332ed64373_name": {
            "value": null
        }
    }
}