{
    "$schema": "https://schema.management.azure.com/schemas/2019-04-01/deploymentTemplate.json#",
    "contentVersion": "1.0.0.0",
    "parameters": {
        "connections_sql_name": {
            "defaultValue": "sql",
            "type": "String"
        },
        "connections_outlook_name": {
            "defaultValue": "outlook",
            "type": "String"
        },
        "connections_azureblob_1_name": {
            "defaultValue": "azureblob-1",
            "type": "String"
        },
        "workflows_logicappproyectomaestria_name": {
            "defaultValue": "logicappproyectomaestria",
            "type": "String"
        },
        "storageAccounts_datalakeproyectomaestria_name": {
            "defaultValue": "datalakeproyectomaestria",
            "type": "String"
        },
        "systemTopics_datalakeproyectomaestria_bccc4e5c_87b9_4efe_93d3_fe332ed64373_name": {
            "defaultValue": "datalakeproyectomaestria-bccc4e5c-87b9-4efe-93d3-fe332ed64373",
            "type": "String"
        }
    },
    "variables": {},
    "resources": [
        {
            "type": "Microsoft.Storage/storageAccounts",
            "apiVersion": "2023-01-01",
            "name": "[parameters('storageAccounts_datalakeproyectomaestria_name')]",
            "location": "eastus2",
            "sku": {
                "name": "Standard_LRS",
                "tier": "Standard"
            },
            "kind": "StorageV2",
            "properties": {
                "dnsEndpointType": "Standard",
                "defaultToOAuthAuthentication": false,
                "publicNetworkAccess": "Enabled",
                "allowCrossTenantReplication": false,
                "isSftpEnabled": false,
                "minimumTlsVersion": "TLS1_2",
                "allowBlobPublicAccess": true,
                "allowSharedKeyAccess": true,
                "isHnsEnabled": true,
                "networkAcls": {
                    "bypass": "AzureServices",
                    "virtualNetworkRules": [],
                    "ipRules": [],
                    "defaultAction": "Allow"
                },
                "supportsHttpsTrafficOnly": true,
                "encryption": {
                    "requireInfrastructureEncryption": false,
                    "services": {
                        "file": {
                            "keyType": "Account",
                            "enabled": true
                        },
                        "blob": {
                            "keyType": "Account",
                            "enabled": true
                        }
                    },
                    "keySource": "Microsoft.Storage"
                },
                "accessTier": "Hot"
            }
        },
        {
            "type": "Microsoft.Web/connections",
            "apiVersion": "2016-06-01",
            "name": "[parameters('connections_azureblob_1_name')]",
            "location": "northcentralus",
            "kind": "V1",
            "properties": {
                "displayName": "datalakepmconeccion",
                "statuses": [
                    {
                        "status": "Connected"
                    }
                ],
                "customParameterValues": {},
                "createdTime": "2023-06-16T03:36:15.2751627Z",
                "changedTime": "2023-06-16T03:36:15.2751627Z",
                "api": {
                    "name": "azureblob",
                    "displayName": "Azure Blob Storage",
                    "description": "Microsoft Azure Storage provides a massively scalable, durable, and highly available storage for data on the cloud, and serves as the data storage solution for modern applications. Connect to Blob Storage to perform various operations such as create, update, get and delete on blobs in your Azure Storage account.",
                    "iconUri": "https://connectoricons-prod.azureedge.net/u/henryorsborn/partial-builds/asev3migrations-with-resourceTemplate/1.0.1653.3403/azureblob/icon.png",
                    "brandColor": "#804998",
                    "id": "/subscriptions/01c2d20c-2c85-4121-8018-3a801e74d84c/providers/Microsoft.Web/locations/northcentralus/managedApis/azureblob",
                    "type": "Microsoft.Web/locations/managedApis"
                },
                "testLinks": [
                    {
                        "requestUri": "[concat('https://management.azure.com:443/subscriptions/01c2d20c-2c85-4121-8018-3a801e74d84c/resourceGroups/ProyectoMaestria/providers/Microsoft.Web/connections/', parameters('connections_azureblob_1_name'), '/extensions/proxy/testconnection?api-version=2016-06-01')]",
                        "method": "get"
                    }
                ]
            }
        },
        {
            "type": "Microsoft.Web/connections",
            "apiVersion": "2016-06-01",
            "name": "[parameters('connections_outlook_name')]",
            "location": "northcentralus",
            "kind": "V1",
            "properties": {
                "displayName": "Outlook.com",
                "statuses": [
                    {
                        "status": "Connected"
                    }
                ],
                "customParameterValues": {},
                "nonSecretParameterValues": {},
                "createdTime": "2023-05-17T03:32:01.2029511Z",
                "changedTime": "2023-09-12T02:14:01.7625938Z",
                "api": {
                    "name": "[parameters('connections_outlook_name')]",
                    "displayName": "Outlook.com",
                    "description": "Outlook.com connector allows you to manage your mail, calendars, and contacts. You can perform various actions such as send mail, schedule meetings, add contacts, etc.",
                    "iconUri": "[concat('https://connectoricons-prod.azureedge.net/u/henryorsborn/partial-builds/asev3migrations-with-resourceTemplate/1.0.1653.3403/', parameters('connections_outlook_name'), '/icon.png')]",
                    "brandColor": "#0078D4",
                    "id": "[concat('/subscriptions/01c2d20c-2c85-4121-8018-3a801e74d84c/providers/Microsoft.Web/locations/northcentralus/managedApis/', parameters('connections_outlook_name'))]",
                    "type": "Microsoft.Web/locations/managedApis"
                },
                "testLinks": [
                    {
                        "requestUri": "[concat('https://management.azure.com:443/subscriptions/01c2d20c-2c85-4121-8018-3a801e74d84c/resourceGroups/ProyectoMaestria/providers/Microsoft.Web/connections/', parameters('connections_outlook_name'), '/extensions/proxy/testconnection?api-version=2016-06-01')]",
                        "method": "get"
                    }
                ]
            }
        },
        {
            "type": "Microsoft.Web/connections",
            "apiVersion": "2016-06-01",
            "name": "[parameters('connections_sql_name')]",
            "location": "northcentralus",
            "kind": "V1",
            "properties": {
                "displayName": "[concat('synapseproyectomaestria.', parameters('connections_sql_name'), '.azuresynapse.net')]",
                "statuses": [
                    {
                        "status": "Connected"
                    }
                ],
                "customParameterValues": {},
                "createdTime": "2023-06-17T05:05:22.9220092Z",
                "changedTime": "2023-09-11T19:48:15.8213047Z",
                "api": {
                    "name": "[parameters('connections_sql_name')]",
                    "displayName": "SQL Server",
                    "description": "Microsoft SQL Server is a relational database management system developed by Microsoft. Connect to SQL Server to manage data. You can perform various actions such as create, update, get, and delete on rows in a table.",
                    "iconUri": "[concat('https://connectoricons-prod.azureedge.net/u/henryorsborn/partial-builds/asev3migrations-with-resourceTemplate/1.0.1653.3403/', parameters('connections_sql_name'), '/icon.png')]",
                    "brandColor": "#ba141a",
                    "id": "[concat('/subscriptions/01c2d20c-2c85-4121-8018-3a801e74d84c/providers/Microsoft.Web/locations/northcentralus/managedApis/', parameters('connections_sql_name'))]",
                    "type": "Microsoft.Web/locations/managedApis"
                },
                "testLinks": [
                    {
                        "requestUri": "[concat('https://management.azure.com:443/subscriptions/01c2d20c-2c85-4121-8018-3a801e74d84c/resourceGroups/ProyectoMaestria/providers/Microsoft.Web/connections/', parameters('connections_sql_name'), '/extensions/proxy/testconnection?api-version=2016-06-01')]",
                        "method": "get"
                    }
                ]
            }
        },
        {
            "type": "Microsoft.EventGrid/systemTopics",
            "apiVersion": "2023-06-01-preview",
            "name": "[parameters('systemTopics_datalakeproyectomaestria_bccc4e5c_87b9_4efe_93d3_fe332ed64373_name')]",
            "location": "eastus2",
            "dependsOn": [
                "[resourceId('Microsoft.Storage/storageAccounts', parameters('storageAccounts_datalakeproyectomaestria_name'))]"
            ],
            "properties": {
                "source": "[resourceId('Microsoft.Storage/storageAccounts', parameters('storageAccounts_datalakeproyectomaestria_name'))]",
                "topicType": "microsoft.storage.storageaccounts"
            }
        },
        {
            "type": "Microsoft.EventGrid/systemTopics/eventSubscriptions",
            "apiVersion": "2023-06-01-preview",
            "name": "[concat(parameters('systemTopics_datalakeproyectomaestria_bccc4e5c_87b9_4efe_93d3_fe332ed64373_name'), '/85d8bdc4-f9dd-d1ba-35db-e4ad5a49a6a1')]",
            "dependsOn": [
                "[resourceId('Microsoft.EventGrid/systemTopics', parameters('systemTopics_datalakeproyectomaestria_bccc4e5c_87b9_4efe_93d3_fe332ed64373_name'))]"
            ],
            "properties": {
                "destination": {
                    "properties": {
                        "maxEventsPerBatch": 1,
                        "preferredBatchSizeInKilobytes": 64
                    },
                    "endpointType": "WebHook"
                },
                "filter": {
                    "subjectBeginsWith": "/blobServices/default/containers/stagefiles/blobs/",
                    "subjectEndsWith": ".pdf",
                    "includedEventTypes": [
                        "Microsoft.Storage.BlobCreated"
                    ],
                    "advancedFilters": [
                        {
                            "values": [
                                "CopyBlob",
                                "PutBlob",
                                "PutBlockList",
                                "FlushWithClose",
                                "DeleteBlob",
                                "CreateFile",
                                "DeleteFile"
                            ],
                            "operatorType": "StringIn",
                            "key": "data.api"
                        },
                        {
                            "value": 0,
                            "operatorType": "NumberGreaterThan",
                            "key": "data.contentLength"
                        }
                    ]
                },
                "eventDeliverySchema": "EventGridSchema",
                "retryPolicy": {
                    "maxDeliveryAttempts": 30,
                    "eventTimeToLiveInMinutes": 1440
                }
            }
        },
        {
            "type": "Microsoft.Storage/storageAccounts/blobServices",
            "apiVersion": "2023-01-01",
            "name": "[concat(parameters('storageAccounts_datalakeproyectomaestria_name'), '/default')]",
            "dependsOn": [
                "[resourceId('Microsoft.Storage/storageAccounts', parameters('storageAccounts_datalakeproyectomaestria_name'))]"
            ],
            "sku": {
                "name": "Standard_LRS",
                "tier": "Standard"
            },
            "properties": {
                "containerDeleteRetentionPolicy": {
                    "enabled": true,
                    "days": 7
                },
                "cors": {
                    "corsRules": []
                },
                "deleteRetentionPolicy": {
                    "allowPermanentDelete": false,
                    "enabled": true,
                    "days": 7
                }
            }
        },
        {
            "type": "Microsoft.Storage/storageAccounts/fileServices",
            "apiVersion": "2023-01-01",
            "name": "[concat(parameters('storageAccounts_datalakeproyectomaestria_name'), '/default')]",
            "dependsOn": [
                "[resourceId('Microsoft.Storage/storageAccounts', parameters('storageAccounts_datalakeproyectomaestria_name'))]"
            ],
            "sku": {
                "name": "Standard_LRS",
                "tier": "Standard"
            },
            "properties": {
                "protocolSettings": {
                    "smb": {}
                },
                "cors": {
                    "corsRules": []
                },
                "shareDeleteRetentionPolicy": {
                    "enabled": true,
                    "days": 7
                }
            }
        },
        {
            "type": "Microsoft.Storage/storageAccounts/queueServices",
            "apiVersion": "2023-01-01",
            "name": "[concat(parameters('storageAccounts_datalakeproyectomaestria_name'), '/default')]",
            "dependsOn": [
                "[resourceId('Microsoft.Storage/storageAccounts', parameters('storageAccounts_datalakeproyectomaestria_name'))]"
            ],
            "properties": {
                "cors": {
                    "corsRules": []
                }
            }
        },
        {
            "type": "Microsoft.Storage/storageAccounts/tableServices",
            "apiVersion": "2023-01-01",
            "name": "[concat(parameters('storageAccounts_datalakeproyectomaestria_name'), '/default')]",
            "dependsOn": [
                "[resourceId('Microsoft.Storage/storageAccounts', parameters('storageAccounts_datalakeproyectomaestria_name'))]"
            ],
            "properties": {
                "cors": {
                    "corsRules": []
                }
            }
        },
        {
            "type": "Microsoft.Storage/storageAccounts/blobServices/containers",
            "apiVersion": "2023-01-01",
            "name": "[concat(parameters('storageAccounts_datalakeproyectomaestria_name'), '/default/filesystem')]",
            "dependsOn": [
                "[resourceId('Microsoft.Storage/storageAccounts/blobServices', parameters('storageAccounts_datalakeproyectomaestria_name'), 'default')]",
                "[resourceId('Microsoft.Storage/storageAccounts', parameters('storageAccounts_datalakeproyectomaestria_name'))]"
            ],
            "properties": {
                "immutableStorageWithVersioning": {
                    "enabled": false
                },
                "defaultEncryptionScope": "$account-encryption-key",
                "denyEncryptionScopeOverride": false,
                "publicAccess": "None"
            }
        },
        {
            "type": "Microsoft.Storage/storageAccounts/blobServices/containers",
            "apiVersion": "2023-01-01",
            "name": "[concat(parameters('storageAccounts_datalakeproyectomaestria_name'), '/default/stagedata')]",
            "dependsOn": [
                "[resourceId('Microsoft.Storage/storageAccounts/blobServices', parameters('storageAccounts_datalakeproyectomaestria_name'), 'default')]",
                "[resourceId('Microsoft.Storage/storageAccounts', parameters('storageAccounts_datalakeproyectomaestria_name'))]"
            ],
            "properties": {
                "immutableStorageWithVersioning": {
                    "enabled": false
                },
                "defaultEncryptionScope": "$account-encryption-key",
                "denyEncryptionScopeOverride": false,
                "publicAccess": "None"
            }
        },
        {
            "type": "Microsoft.Storage/storageAccounts/blobServices/containers",
            "apiVersion": "2023-01-01",
            "name": "[concat(parameters('storageAccounts_datalakeproyectomaestria_name'), '/default/stagefiles')]",
            "dependsOn": [
                "[resourceId('Microsoft.Storage/storageAccounts/blobServices', parameters('storageAccounts_datalakeproyectomaestria_name'), 'default')]",
                "[resourceId('Microsoft.Storage/storageAccounts', parameters('storageAccounts_datalakeproyectomaestria_name'))]"
            ],
            "properties": {
                "immutableStorageWithVersioning": {
                    "enabled": false
                },
                "defaultEncryptionScope": "$account-encryption-key",
                "denyEncryptionScopeOverride": false,
                "publicAccess": "None"
            }
        },
        {
            "type": "Microsoft.Logic/workflows",
            "apiVersion": "2017-07-01",
            "name": "[parameters('workflows_logicappproyectomaestria_name')]",
            "location": "northcentralus",
            "dependsOn": [
                "[resourceId('Microsoft.Web/connections', parameters('connections_azureblob_1_name'))]",
                "[resourceId('Microsoft.Web/connections', parameters('connections_outlook_name'))]",
                "[resourceId('Microsoft.Web/connections', parameters('connections_sql_name'))]"
            ],
            "properties": {
                "state": "Enabled",
                "definition": {
                    "$schema": "https://schema.management.azure.com/providers/Microsoft.Logic/schemas/2016-06-01/workflowdefinition.json#",
                    "contentVersion": "1.0.0.0",
                    "parameters": {
                        "$connections": {
                            "defaultValue": {},
                            "type": "Object"
                        }
                    },
                    "triggers": {
                        "When_a_new_email_arrives_(V2)": {
                            "splitOn": "@triggerBody()?['value']",
                            "type": "ApiConnectionNotification",
                            "inputs": {
                                "fetch": {
                                    "method": "get",
                                    "pathTemplate": {
                                        "template": "/v2/Mail/OnNewEmail"
                                    },
                                    "queries": {
                                        "fetchOnlyWithAttachment": true,
                                        "folderPath": "Inbox",
                                        "importance": "Any",
                                        "includeAttachments": true
                                    }
                                },
                                "host": {
                                    "connection": {
                                        "name": "@parameters('$connections')['outlook']['connectionId']"
                                    }
                                },
                                "subscribe": {
                                    "body": {
                                        "NotificationUrl": "@{listCallbackUrl()}"
                                    },
                                    "method": "post",
                                    "pathTemplate": {
                                        "template": "/MailSubscriptionPoke/$subscriptions"
                                    },
                                    "queries": {
                                        "fetchOnlyWithAttachment": true,
                                        "folderPath": "Inbox",
                                        "importance": "Any"
                                    }
                                }
                            }
                        }
                    },
                    "actions": {
                        "Fecha": {
                            "runAfter": {},
                            "type": "InitializeVariable",
                            "inputs": {
                                "variables": [
                                    {
                                        "name": "Fecha",
                                        "type": "string",
                                        "value": "@{substring(triggerBody()?['DateTimeReceived'], 0, 10)}"
                                    }
                                ]
                            }
                        },
                        "Iterar_Cada_Adjunto": {
                            "foreach": "@triggerBody()?['Attachments']",
                            "actions": {
                                "Create_blob_(V2)": {
                                    "runAfter": {
                                        "Evalua_Cuenta_Ahorros": [
                                            "Succeeded"
                                        ]
                                    },
                                    "type": "ApiConnection",
                                    "inputs": {
                                        "body": "@base64ToBinary(items('Iterar_Cada_Adjunto')?['ContentBytes'])",
                                        "headers": {
                                            "Content-Type": "application/pdf",
                                            "ReadFileMetadataFromServer": true
                                        },
                                        "host": {
                                            "connection": {
                                                "name": "@parameters('$connections')['azureblob_1']['connectionId']"
                                            }
                                        },
                                        "method": "post",
                                        "path": "/v2/datasets/@{encodeURIComponent(encodeURIComponent('AccountNameFromSettings'))}/files",
                                        "queries": {
                                            "folderPath": "@{concat('/stagefiles', '/', variables('PDF type'), '/', variables('Fecha'), '/', variables('User'))}",
                                            "name": "@items('Iterar_Cada_Adjunto')?['Name']",
                                            "queryParametersSingleEncoded": true
                                        }
                                    },
                                    "runtimeConfiguration": {
                                        "contentTransfer": {
                                            "transferMode": "Chunked"
                                        }
                                    }
                                },
                                "Evalua_Cuenta_Ahorros": {
                                    "actions": {
                                        "Define_PDF_Type_-_Cuenta_Ahorros": {
                                            "runAfter": {},
                                            "type": "SetVariable",
                                            "inputs": {
                                                "name": "PDF Type",
                                                "value": "Cuenta Ahorros"
                                            }
                                        }
                                    },
                                    "runAfter": {
                                        "Obtener_PDF_Name": [
                                            "Succeeded"
                                        ]
                                    },
                                    "else": {
                                        "actions": {
                                            "Evalua_Tarjeta_Credito": {
                                                "actions": {
                                                    "Define_PDF_Type_-_Tarjeta_Credito": {
                                                        "runAfter": {},
                                                        "type": "SetVariable",
                                                        "inputs": {
                                                            "name": "PDF Type",
                                                            "value": "Tarjeta Credito"
                                                        }
                                                    }
                                                },
                                                "runAfter": {},
                                                "else": {
                                                    "actions": {
                                                        "Evalua_Fondo_Inversion": {
                                                            "actions": {
                                                                "Define_PDF_Type_-_Fondos_de_Inversion": {
                                                                    "runAfter": {},
                                                                    "type": "SetVariable",
                                                                    "inputs": {
                                                                        "name": "PDF Type",
                                                                        "value": "Fondos de Inversion"
                                                                    }
                                                                }
                                                            },
                                                            "runAfter": {},
                                                            "expression": {
                                                                "and": [
                                                                    {
                                                                        "contains": [
                                                                            "@variables('PDF Name')",
                                                                            "FIDUCUENTA"
                                                                        ]
                                                                    }
                                                                ]
                                                            },
                                                            "type": "If"
                                                        }
                                                    }
                                                },
                                                "expression": {
                                                    "and": [
                                                        {
                                                            "contains": [
                                                                "@variables('PDF Name')",
                                                                "TARJETA"
                                                            ]
                                                        }
                                                    ]
                                                },
                                                "type": "If"
                                            }
                                        }
                                    },
                                    "expression": {
                                        "and": [
                                            {
                                                "contains": [
                                                    "@variables('PDF Name')",
                                                    "AHORROS"
                                                ]
                                            }
                                        ]
                                    },
                                    "type": "If"
                                },
                                "Execute_a_SQL_query_(V2)": {
                                    "runAfter": {
                                        "Evalua_Cuenta_Ahorros": [
                                            "Succeeded"
                                        ]
                                    },
                                    "type": "ApiConnection",
                                    "inputs": {
                                        "body": {
                                            "query": "insert into params.datausers (usuario, fecha, type, pdfname, fecha_registro) select '@{variables('User')}','@{variables('Fecha')}','@{variables('PDF Type')}', '@{variables('PDF Name')}', getdate()"
                                        },
                                        "host": {
                                            "connection": {
                                                "name": "@parameters('$connections')['sql']['connectionId']"
                                            }
                                        },
                                        "method": "post",
                                        "path": "/v2/datasets/@{encodeURIComponent(encodeURIComponent('synapseproyectomaestria.sql.azuresynapse.net'))},@{encodeURIComponent(encodeURIComponent('sqlpoolproyectomaestria'))}/query/sql"
                                    }
                                },
                                "Obtener_Objet_Attachment": {
                                    "runAfter": {},
                                    "type": "SetVariable",
                                    "inputs": {
                                        "name": "PDF Object",
                                        "value": "@items('Iterar_Cada_Adjunto')"
                                    }
                                },
                                "Obtener_PDF_Name": {
                                    "runAfter": {
                                        "Obtener_Objet_Attachment": [
                                            "Succeeded"
                                        ]
                                    },
                                    "type": "SetVariable",
                                    "inputs": {
                                        "name": "PDF Name",
                                        "value": "@{variables('PDF Object')['Name']}"
                                    }
                                }
                            },
                            "runAfter": {
                                "PDF_Object": [
                                    "Succeeded"
                                ]
                            },
                            "type": "Foreach",
                            "runtimeConfiguration": {
                                "concurrency": {
                                    "repetitions": 1
                                }
                            }
                        },
                        "PDF_Name": {
                            "runAfter": {
                                "PDF_Type": [
                                    "Succeeded"
                                ]
                            },
                            "type": "InitializeVariable",
                            "inputs": {
                                "variables": [
                                    {
                                        "name": "PDF Name",
                                        "type": "string"
                                    }
                                ]
                            }
                        },
                        "PDF_Object": {
                            "runAfter": {
                                "PDF_Name": [
                                    "Succeeded"
                                ]
                            },
                            "type": "InitializeVariable",
                            "inputs": {
                                "variables": [
                                    {
                                        "name": "PDF Object",
                                        "type": "object"
                                    }
                                ]
                            }
                        },
                        "PDF_Type": {
                            "runAfter": {
                                "User": [
                                    "Succeeded"
                                ]
                            },
                            "type": "InitializeVariable",
                            "inputs": {
                                "variables": [
                                    {
                                        "name": "PDF Type",
                                        "type": "string"
                                    }
                                ]
                            }
                        },
                        "User": {
                            "runAfter": {
                                "Fecha": [
                                    "Succeeded"
                                ]
                            },
                            "type": "InitializeVariable",
                            "inputs": {
                                "variables": [
                                    {
                                        "name": "User",
                                        "type": "string",
                                        "value": "@triggerBody()?['To']"
                                    }
                                ]
                            }
                        }
                    },
                    "outputs": {}
                },
                "parameters": {
                    "$connections": {
                        "value": {
                            "azureblob_1": {
                                "connectionId": "[resourceId('Microsoft.Web/connections', parameters('connections_azureblob_1_name'))]",
                                "connectionName": "azureblob-1",
                                "id": "/subscriptions/01c2d20c-2c85-4121-8018-3a801e74d84c/providers/Microsoft.Web/locations/northcentralus/managedApis/azureblob"
                            },
                            "outlook": {
                                "connectionId": "[resourceId('Microsoft.Web/connections', parameters('connections_outlook_name'))]",
                                "connectionName": "outlook",
                                "id": "/subscriptions/01c2d20c-2c85-4121-8018-3a801e74d84c/providers/Microsoft.Web/locations/northcentralus/managedApis/outlook"
                            },
                            "sql": {
                                "connectionId": "[resourceId('Microsoft.Web/connections', parameters('connections_sql_name'))]",
                                "connectionName": "sql",
                                "id": "/subscriptions/01c2d20c-2c85-4121-8018-3a801e74d84c/providers/Microsoft.Web/locations/northcentralus/managedApis/sql"
                            }
                        }
                    }
                }
            }
        }
    ]
}