{
    "$schema": "https://schema.management.azure.com/schemas/2019-04-01/deploymentTemplate.json#",
    "contentVersion": "1.0.0.0",
    "parameters": {
        "workflows_logicappproyectomaestria_name": {
            "defaultValue": "logicappproyectomaestria",
            "type": "String"
        },
        "connections_azureblob_1_externalid": {
            "defaultValue": "/subscriptions/01c2d20c-2c85-4121-8018-3a801e74d84c/resourceGroups/ProyectoMaestria/providers/Microsoft.Web/connections/azureblob-1",
            "type": "String"
        },
        "connections_outlook_externalid": {
            "defaultValue": "/subscriptions/01c2d20c-2c85-4121-8018-3a801e74d84c/resourceGroups/ProyectoMaestria/providers/Microsoft.Web/connections/outlook",
            "type": "String"
        },
        "connections_sql_externalid": {
            "defaultValue": "/subscriptions/01c2d20c-2c85-4121-8018-3a801e74d84c/resourceGroups/ProyectoMaestria/providers/Microsoft.Web/connections/sql",
            "type": "String"
        }
    },
    "variables": {},
    "resources": [
        {
            "type": "Microsoft.Logic/workflows",
            "apiVersion": "2017-07-01",
            "name": "[parameters('workflows_logicappproyectomaestria_name')]",
            "location": "northcentralus",
            "properties": {
                "state": "Enabled",
                "definition": {
                    "$schema": "https://schema.management.azure.com/providers/Microsoft.Logic/schemas/2016-06-01/workflowdefinition.json#",
                    "contentVersion": "1.0.0.0",
                    "parameters": {
                        "$connections": {
                            "defaultValue": {},
                            "type": "Object"
                        }
                    },
                    "triggers": {
                        "When_a_new_email_arrives_(V2)": {
                            "splitOn": "@triggerBody()?['value']",
                            "type": "ApiConnectionNotification",
                            "inputs": {
                                "fetch": {
                                    "method": "get",
                                    "pathTemplate": {
                                        "template": "/v2/Mail/OnNewEmail"
                                    },
                                    "queries": {
                                        "fetchOnlyWithAttachment": true,
                                        "folderPath": "Inbox",
                                        "importance": "Any",
                                        "includeAttachments": true
                                    }
                                },
                                "host": {
                                    "connection": {
                                        "name": "@parameters('$connections')['outlook']['connectionId']"
                                    }
                                },
                                "subscribe": {
                                    "body": {
                                        "NotificationUrl": "@{listCallbackUrl()}"
                                    },
                                    "method": "post",
                                    "pathTemplate": {
                                        "template": "/MailSubscriptionPoke/$subscriptions"
                                    },
                                    "queries": {
                                        "fetchOnlyWithAttachment": true,
                                        "folderPath": "Inbox",
                                        "importance": "Any"
                                    }
                                }
                            }
                        }
                    },
                    "actions": {
                        "Fecha": {
                            "runAfter": {},
                            "type": "InitializeVariable",
                            "inputs": {
                                "variables": [
                                    {
                                        "name": "Fecha",
                                        "type": "string",
                                        "value": "@{substring(triggerBody()?['DateTimeReceived'], 0, 10)}"
                                    }
                                ]
                            }
                        },
                        "Iterar_Cada_Adjunto": {
                            "foreach": "@triggerBody()?['Attachments']",
                            "actions": {
                                "Evalua_Cuenta_Ahorros": {
                                    "actions": {
                                        "Define_PDF_Type_-_Cuenta_Ahorros": {
                                            "runAfter": {},
                                            "type": "SetVariable",
                                            "inputs": {
                                                "name": "PDF Type",
                                                "value": "Cuenta Ahorros"
                                            }
                                        }
                                    },
                                    "runAfter": {
                                        "Obtener_PDF_Name": [
                                            "Succeeded"
                                        ]
                                    },
                                    "else": {
                                        "actions": {
                                            "Evalua_Tarjeta_Credito": {
                                                "actions": {
                                                    "Define_PDF_Type_-_Tarjeta_Credito": {
                                                        "runAfter": {},
                                                        "type": "SetVariable",
                                                        "inputs": {
                                                            "name": "PDF Type",
                                                            "value": "Tarjeta Credito"
                                                        }
                                                    }
                                                },
                                                "runAfter": {},
                                                "else": {
                                                    "actions": {
                                                        "Evalua_Fondo_Inversion": {
                                                            "actions": {
                                                                "Define_PDF_Type_-_Fondos_de_Inversion": {
                                                                    "runAfter": {},
                                                                    "type": "SetVariable",
                                                                    "inputs": {
                                                                        "name": "PDF Type",
                                                                        "value": "Fondos de Inversion"
                                                                    }
                                                                }
                                                            },
                                                            "runAfter": {},
                                                            "expression": {
                                                                "and": [
                                                                    {
                                                                        "contains": [
                                                                            "@variables('PDF Name')",
                                                                            "FIDUCUENTA"
                                                                        ]
                                                                    }
                                                                ]
                                                            },
                                                            "type": "If"
                                                        }
                                                    }
                                                },
                                                "expression": {
                                                    "and": [
                                                        {
                                                            "contains": [
                                                                "@variables('PDF Name')",
                                                                "TARJETA"
                                                            ]
                                                        }
                                                    ]
                                                },
                                                "type": "If"
                                            }
                                        }
                                    },
                                    "expression": {
                                        "and": [
                                            {
                                                "contains": [
                                                    "@variables('PDF Name')",
                                                    "AHORROS"
                                                ]
                                            }
                                        ]
                                    },
                                    "type": "If"
                                },
                                "Evalua_Producto": {
                                    "actions": {
                                        "Create_blob_(V2)": {
                                            "runAfter": {},
                                            "type": "ApiConnection",
                                            "inputs": {
                                                "body": "@base64ToBinary(items('Iterar_Cada_Adjunto')?['ContentBytes'])",
                                                "headers": {
                                                    "Content-Type": "application/pdf",
                                                    "ReadFileMetadataFromServer": true
                                                },
                                                "host": {
                                                    "connection": {
                                                        "name": "@parameters('$connections')['azureblob_1']['connectionId']"
                                                    }
                                                },
                                                "method": "post",
                                                "path": "/v2/datasets/@{encodeURIComponent(encodeURIComponent('AccountNameFromSettings'))}/files",
                                                "queries": {
                                                    "folderPath": "@{concat('/stagefiles', '/', variables('PDF type'), '/', variables('Fecha'), '/', variables('User'))}",
                                                    "name": "@items('Iterar_Cada_Adjunto')?['Name']",
                                                    "queryParametersSingleEncoded": true
                                                }
                                            },
                                            "runtimeConfiguration": {
                                                "contentTransfer": {
                                                    "transferMode": "Chunked"
                                                }
                                            }
                                        },
                                        "Execute_a_SQL_query_(V2)": {
                                            "runAfter": {
                                                "Create_blob_(V2)": [
                                                    "Succeeded"
                                                ]
                                            },
                                            "type": "ApiConnection",
                                            "inputs": {
                                                "body": {
                                                    "query": "insert into params.datausers (usuario, fecha, type, pdfname, fecha_registro) select '@{variables('User')}','@{variables('Fecha')}','@{variables('PDF Type')}', '@{variables('PDF Name')}', getdate()"
                                                },
                                                "host": {
                                                    "connection": {
                                                        "name": "@parameters('$connections')['sql']['connectionId']"
                                                    }
                                                },
                                                "method": "post",
                                                "path": "/v2/datasets/@{encodeURIComponent(encodeURIComponent('synapseproyectomaestria.sql.azuresynapse.net'))},@{encodeURIComponent(encodeURIComponent('sqlpoolproyectomaestria'))}/query/sql"
                                            }
                                        }
                                    },
                                    "runAfter": {
                                        "Evalua_Cuenta_Ahorros": [
                                            "Succeeded"
                                        ]
                                    },
                                    "expression": {
                                        "or": [
                                            {
                                                "contains": [
                                                    "@variables('PDF Name')",
                                                    "AHORROS"
                                                ]
                                            },
                                            {
                                                "contains": [
                                                    "@variables('PDF Name')",
                                                    "TARJETA"
                                                ]
                                            },
                                            {
                                                "contains": [
                                                    "@variables('PDF Name')",
                                                    "FIDUCUENTA"
                                                ]
                                            }
                                        ]
                                    },
                                    "type": "If"
                                },
                                "Obtener_Objet_Attachment": {
                                    "runAfter": {},
                                    "type": "SetVariable",
                                    "inputs": {
                                        "name": "PDF Object",
                                        "value": "@items('Iterar_Cada_Adjunto')"
                                    }
                                },
                                "Obtener_PDF_Name": {
                                    "runAfter": {
                                        "Obtener_Objet_Attachment": [
                                            "Succeeded"
                                        ]
                                    },
                                    "type": "SetVariable",
                                    "inputs": {
                                        "name": "PDF Name",
                                        "value": "@{variables('PDF Object')['Name']}"
                                    }
                                }
                            },
                            "runAfter": {
                                "PDF_Object": [
                                    "Succeeded"
                                ]
                            },
                            "type": "Foreach",
                            "runtimeConfiguration": {
                                "concurrency": {
                                    "repetitions": 1
                                }
                            }
                        },
                        "PDF_Name": {
                            "runAfter": {
                                "PDF_Type": [
                                    "Succeeded"
                                ]
                            },
                            "type": "InitializeVariable",
                            "inputs": {
                                "variables": [
                                    {
                                        "name": "PDF Name",
                                        "type": "string"
                                    }
                                ]
                            }
                        },
                        "PDF_Object": {
                            "runAfter": {
                                "PDF_Name": [
                                    "Succeeded"
                                ]
                            },
                            "type": "InitializeVariable",
                            "inputs": {
                                "variables": [
                                    {
                                        "name": "PDF Object",
                                        "type": "object"
                                    }
                                ]
                            }
                        },
                        "PDF_Type": {
                            "runAfter": {
                                "User": [
                                    "Succeeded"
                                ]
                            },
                            "type": "InitializeVariable",
                            "inputs": {
                                "variables": [
                                    {
                                        "name": "PDF Type",
                                        "type": "string"
                                    }
                                ]
                            }
                        },
                        "User": {
                            "runAfter": {
                                "Fecha": [
                                    "Succeeded"
                                ]
                            },
                            "type": "InitializeVariable",
                            "inputs": {
                                "variables": [
                                    {
                                        "name": "User",
                                        "type": "string",
                                        "value": "@triggerBody()?['To']"
                                    }
                                ]
                            }
                        }
                    },
                    "outputs": {}
                },
                "parameters": {
                    "$connections": {
                        "value": {
                            "azureblob_1": {
                                "connectionId": "[parameters('connections_azureblob_1_externalid')]",
                                "connectionName": "azureblob-1",
                                "id": "/subscriptions/01c2d20c-2c85-4121-8018-3a801e74d84c/providers/Microsoft.Web/locations/northcentralus/managedApis/azureblob"
                            },
                            "outlook": {
                                "connectionId": "[parameters('connections_outlook_externalid')]",
                                "connectionName": "outlook",
                                "id": "/subscriptions/01c2d20c-2c85-4121-8018-3a801e74d84c/providers/Microsoft.Web/locations/northcentralus/managedApis/outlook"
                            },
                            "sql": {
                                "connectionId": "[parameters('connections_sql_externalid')]",
                                "connectionName": "sql",
                                "id": "/subscriptions/01c2d20c-2c85-4121-8018-3a801e74d84c/providers/Microsoft.Web/locations/northcentralus/managedApis/sql"
                            }
                        }
                    }
                }
            }
        }
    ]
}